City_ID,City,Lat,Lng,Max Temp,Humidity,Cloudiness,Wind Speed,Country,Date
0,thompson,55.7435,-97.8558,18.09,63,75,2.06,CA,1724008666
1,ilulissat,69.2167,-51.1,6.01,70,75,3.09,GL,1724008667
2,tura,25.5198,90.2201,23.29,98,79,2.01,IN,1724008668
3,kingston,17.997,-76.7936,33.53,66,40,7.72,JM,1724008669
4,albany,42.6001,-73.9662,23.68,80,100,4.0,US,1724008510
5,keflavik,64.0049,-22.5624,10.24,66,40,6.17,IS,1724008672
6,yellowknife,62.456,-114.3525,19.12,75,70,3.13,CA,1724008673
7,atafu village,-8.5421,-172.5159,28.24,77,15,9.12,TK,1724008674
8,mao,39.8885,4.2658,25.31,73,75,4.12,ES,1724008675
9,west island,-12.1568,96.8225,25.99,78,20,4.12,CC,1724008676
10,tolanaro,-25.0319,46.9987,21.2,65,84,6.82,MG,1724008678
11,blackmans bay,-43.0167,147.3167,2.63,91,35,0.45,AU,1724008679
12,new norfolk,-42.7826,147.0587,3.29,97,12,1.15,AU,1724008681
13,ciudad lazaro cardenas,17.9583,-102.2,30.99,64,100,3.4,MX,1724008682
14,curillo,1.0333,-75.9191,34.93,36,2,0.5,CO,1724008684
15,olonkinbyen,70.9221,-8.7187,5.91,91,100,3.76,SJ,1724008685
16,muntok,-2.0667,105.1833,26.2,86,27,3.08,ID,1724008686
17,adamstown,-25.066,-130.1015,17.88,62,88,6.62,PN,1724008687
18,sal rei,16.1833,-22.9167,29.11,79,75,4.63,CV,1724008689
19,sinabang,2.4803,96.3801,24.74,93,100,2.5,ID,1724008691
20,novaya igirma,57.1334,103.9112,16.74,98,100,0.85,RU,1724008692
21,utrik,11.2278,169.8474,28.23,78,90,6.56,MH,1724008693
22,khandyga,62.6667,135.6,8.41,74,82,1.51,RU,1724008694
23,bredasdorp,-34.5322,20.0403,10.22,90,9,1.95,ZA,1724008695
24,iqaluit,63.7506,-68.5145,13.85,62,75,6.17,CA,1724008696
25,plastun,44.7561,136.2939,17.33,98,100,2.43,RU,1724008698
26,oak hill,37.9723,-81.1487,25.75,82,14,2.38,US,1724008699
27,burutu,5.3509,5.5076,26.2,81,100,3.63,NG,1724008700
28,vadso,70.0744,29.7487,11.09,93,0,3.6,NO,1724008701
29,angra do heroismo,38.65,-27.2167,27.84,80,20,2.24,PT,1724008702
30,port mathurin,-19.6833,63.4167,22.54,71,41,12.29,MU,1724008703
31,hermanus,-34.4187,19.2345,9.89,84,26,3.48,ZA,1724008705
32,las khorey,11.1595,48.1967,32.07,59,73,4.67,SO,1724008706
33,nelson bay,-32.7167,152.15,13.39,84,100,3.58,AU,1724008707
34,sidi ifni,29.3797,-10.173,29.18,54,50,5.86,MA,1724008708
35,puerto natales,-51.7236,-72.4875,8.25,57,40,8.23,CL,1724008709
36,ribeira grande,38.5167,-28.7,26.54,73,40,2.68,PT,1724008711
37,korla,41.7597,86.1469,31.61,19,7,6.23,CN,1724008712
38,riachao das neves,-11.7461,-44.91,33.1,20,5,3.31,BR,1724008713
39,invercargill,-46.4,168.35,3.9,90,100,5.81,NZ,1724008714
40,bel ombre,-4.6167,55.4167,23.91,88,75,4.12,SC,1724008715
41,edinburgh of the seven seas,-37.0676,-12.3116,9.78,65,52,11.19,SH,1724008717
42,jamestown,42.097,-79.2353,23.34,77,100,5.36,US,1724008422
43,munnar,10.1,77.0667,17.18,100,100,0.67,IN,1724008720
44,tazovsky,67.4667,78.7,10.6,91,100,2.7,RU,1724008721
45,la'ie,21.6477,-157.9253,26.73,83,69,1.34,US,1724008722
46,port-aux-francais,-49.35,70.2167,2.56,79,11,12.11,TF,1724008692
47,stanley,54.868,-1.6985,14.6,69,20,5.14,GB,1724008724
48,saldanha,-33.0117,17.9442,10.03,86,90,1.08,ZA,1724008726
49,port saint john's,-31.6229,29.5448,17.2,80,0,0.64,ZA,1724008727
50,klyuchi,52.2667,79.1667,16.53,68,82,3.5,RU,1724008729
51,vilyuchinsk,52.9306,158.4028,10.15,83,100,3.97,RU,1724008730
52,nyurba,63.2842,118.3319,11.69,58,45,2.2,RU,1724008732
53,xilin hot,43.9667,116.0333,15.0,95,0,1.79,CN,1724008733
54,nizhnyaya poyma,56.1622,97.1933,14.09,96,100,0.38,RU,1724008734
55,miracema do tocantins,-9.5618,-48.3967,37.82,16,57,1.17,BR,1724008735
56,papatowai,-46.5619,169.4708,3.81,87,100,10.35,NZ,1724008736
57,lazaro cardenas,17.9583,-102.2,30.99,64,100,3.4,MX,1724008737
58,ust-tsilma,65.441,52.1498,11.92,90,72,1.58,RU,1724008739
59,bondo,3.8146,23.6866,20.31,100,92,0.85,CD,1724008740
60,lavrio,37.7145,24.0565,27.19,61,0,1.55,GR,1724008741
61,wanzleben,52.05,11.45,18.09,83,100,4.73,DE,1724008742
62,lerwick,60.1545,-1.1494,11.71,84,12,9.57,GB,1724008743
63,udachny,66.4167,112.4,13.91,66,41,3.05,RU,1724008744
64,anadyr,64.75,177.4833,5.28,75,40,2.0,RU,1724008746
65,waitangi,-43.9535,-176.5597,7.68,99,100,2.68,NZ,1724008747
66,ust-nera,64.5667,143.2,10.24,60,100,0.86,RU,1724008748
67,kununurra,-15.7667,128.7333,15.99,88,0,1.54,AU,1724008623
68,cabo san lucas,22.8909,-109.9124,31.17,58,0,4.63,MX,1724008701
69,ambon,-3.6954,128.1814,24.93,95,40,3.6,ID,1724008751
70,st. john's,47.5649,-52.7093,27.38,52,75,8.23,CA,1724008752
71,ninghai,29.2892,121.4247,25.99,92,100,1.22,CN,1724008754
72,avarua,-21.2078,-159.775,22.03,73,75,5.66,CK,1724008755
73,afaahiti,-17.75,-149.2833,22.86,81,98,12.64,PF,1724008756
74,saipan,15.1355,145.701,28.39,83,40,4.63,MP,1724008757
75,hawaiian paradise park,19.5933,-154.9731,26.04,92,100,2.06,US,1724008758
76,lisakovsk,52.5369,62.4936,15.19,78,100,5.53,KZ,1724008759
77,talnakh,69.4865,88.3972,14.15,76,100,1.5,RU,1724008761
78,crane,31.3974,-102.3501,35.87,26,3,6.33,US,1724008762
79,kapa'a,22.0752,-159.319,26.72,75,100,7.2,US,1724008763
80,vitorino freire,-4.0667,-45.1667,37.73,21,21,1.09,BR,1724008764
81,barabai,-2.5833,115.3833,23.39,91,0,0.44,ID,1724008765
82,ribeira brava,32.65,-17.0667,28.73,65,0,0.53,PT,1724008766
83,entebbe,0.0644,32.4469,21.87,62,47,0.3,UG,1724008768
84,punta arenas,-53.15,-70.9167,8.06,61,0,8.75,CL,1724008769
85,timbuktu,16.7735,-3.0074,32.82,46,45,5.74,ML,1724008771
86,gwadar,25.1216,62.3254,28.17,82,100,1.53,PK,1724008772
87,hasaki,35.7333,140.8333,26.05,94,6,1.65,JP,1724008774
88,cockburn town,21.4612,-71.1419,29.19,75,0,5.27,TC,1724008775
89,ketchikan,55.3422,-131.6461,23.76,47,0,2.68,US,1724008776
90,haiku-pauwela,20.9219,-156.3051,28.43,74,40,7.72,US,1724008777
91,thinadhoo,0.5333,72.9333,27.53,78,100,6.05,MV,1724008778
92,margaret river,-33.95,115.0667,13.05,81,100,8.42,AU,1724008779
93,ushuaia,-54.8,-68.3,5.81,75,75,12.35,AR,1724008781
94,tiksi,71.6872,128.8694,8.96,94,1,3.85,RU,1724008782
95,iskateley,67.6803,53.1512,6.59,93,80,3.37,RU,1724008783
96,belmonte,-15.8631,-38.8828,24.72,74,24,3.32,BR,1724008784
97,naze,28.3667,129.4833,25.51,85,96,9.26,JP,1724008785
98,el salto,20.3333,-104.5,23.28,76,100,2.1,MX,1724008786
99,midvagur,62.0511,-7.1939,10.46,87,100,6.17,FO,1724008788
100,morant bay,17.8815,-76.4093,31.36,68,86,6.03,JM,1724008789
101,sitka,57.0531,-135.33,17.94,72,0,3.09,US,1724008790
102,lebu,-37.6167,-73.65,8.95,63,9,5.93,CL,1724008791
103,grand falls-windsor,48.9332,-55.6649,29.17,41,100,4.1,CA,1724008792
104,el granada,37.5027,-122.4694,23.25,83,0,6.17,US,1724008793
105,grytviken,-54.2811,-36.5092,-1.65,70,99,5.4,GS,1724008795
106,georgetown,5.4112,100.3354,26.96,92,20,1.54,MY,1724008510
107,kamaishi,39.2667,141.8833,21.13,95,0,1.42,JP,1724008797
108,wailua homesteads,22.0669,-159.378,25.97,78,100,7.2,US,1724008798
109,nagqu,31.5,92.0,-1.31,58,0,1.03,CN,1724008799
110,hadibu,12.65,54.0333,25.76,80,23,8.45,YE,1724008800
111,hammerfest,70.6634,23.6821,17.25,55,100,1.54,NO,1724008802
112,palikir - national government center,6.9248,158.1611,23.41,94,40,1.54,FM,1724008803
113,togur,58.3631,82.8265,12.04,99,87,2.37,RU,1724008804
114,hithadhoo,-0.6,73.0833,28.53,77,100,6.6,MV,1724008805
115,waliso,8.5333,37.9833,14.24,95,72,0.27,ET,1724008806
116,maintirano,-18.0667,44.0167,25.04,73,100,3.73,MG,1724008807
117,san antonio de pale,-1.4014,5.6325,23.66,82,2,4.13,GQ,1724008692
118,bairnsdale,-37.8333,147.6167,4.94,93,2,1.7,AU,1724008810
119,batesville,35.7698,-91.641,33.23,59,20,3.09,US,1724008809
120,pitimbu,-7.4706,-34.8086,25.66,72,88,6.43,BR,1724008812
121,puerto santa,-8.9906,-78.6456,19.24,73,1,5.21,PE,1724008813
122,kozhevnikovo,56.2589,83.9714,12.26,98,24,2.57,RU,1724008814
123,howrah,22.5892,88.3103,27.0,94,75,2.06,IN,1724008816
124,taltal,-25.4,-70.4833,16.35,76,24,2.55,CL,1724008817
125,lihue,21.9789,-159.3672,26.31,83,100,7.2,US,1724008818
126,bouna,9.2667,-3.0,24.61,77,9,2.01,CI,1724008819
127,nova sintra,14.8667,-24.7167,27.26,82,66,4.67,CV,1724008820
128,bethanie,-26.4833,17.15,16.67,13,0,2.39,NA,1724008821
129,broshniv-osada,48.9962,24.1975,20.78,79,68,2.27,UA,1724008823
130,praia da vitoria,38.7333,-27.0667,27.64,74,20,1.44,PT,1724008824
131,cartagena del chaira,1.3349,-74.8429,33.67,40,53,0.35,CO,1724008825
132,thayetmyo,19.3167,95.1833,24.18,97,100,1.81,MM,1724008826
133,bousso,10.4795,16.7117,21.96,97,100,2.74,TD,1724008827
134,isafjordur,66.0755,-23.124,2.87,87,100,3.59,IS,1724008813
135,walvis bay,-22.9575,14.5053,15.12,62,4,4.95,NA,1724008830
136,whitehorse,60.7161,-135.0538,22.28,43,40,5.66,CA,1724008831
137,kayes,14.0,-11.0,22.81,95,100,2.89,ML,1724008832
138,arar,30.9753,41.0381,36.01,11,0,2.06,SA,1724008833
139,selfoss,63.9331,-20.9971,9.47,59,79,5.2,IS,1724008834
140,westport,41.1415,-73.3579,25.74,93,100,6.17,US,1724008835
141,la colle-sur-loup,43.6875,7.1027,24.04,69,0,3.09,FR,1724008837
142,constitucion,-35.3333,-72.4167,10.99,57,100,3.59,CL,1724008838
143,lorengau,-2.0226,147.2712,27.68,81,100,4.39,PG,1724008839
144,tulsipur,28.131,82.2973,23.71,93,94,1.32,NP,1724008840
145,ixtapa,20.7,-105.2,32.35,62,40,3.09,MX,1724008841
146,uturoa,-16.7333,-151.4333,25.04,80,100,12.08,PF,1724008842
147,morki,56.4303,48.9947,13.94,96,0,0.99,RU,1724008845
148,portland,45.5234,-122.6762,23.95,62,75,7.2,US,1724008846
149,northam,51.0333,-4.2167,17.01,84,80,2.78,GB,1724008847
150,isla mujeres,21.2311,-86.731,32.03,64,6,3.83,MX,1724008848
151,bodaybo,57.8506,114.1933,16.24,81,100,1.33,RU,1724008849
152,aasiaat,68.7098,-52.8699,3.03,86,46,1.7,GL,1724008852
153,piney green,34.716,-77.3202,31.96,63,40,6.69,US,1724008853
154,fale old settlement,-9.3852,-171.2468,27.96,79,4,9.81,TK,1724008854
155,anna regina,7.2644,-58.5077,30.12,62,2,3.97,GY,1724008855
156,college,64.8569,-147.8028,21.16,77,75,2.57,US,1724008856
157,gadzhiyevo,69.2551,33.3362,10.69,79,0,1.1,RU,1724008858
158,minas de marcona,-15.2119,-75.1103,18.73,48,2,6.18,PE,1724008859
159,bezhetsk,57.7851,36.6965,15.47,80,6,2.96,RU,1724008860
160,borogontsy,62.6683,131.1683,12.18,53,100,2.81,RU,1724008861
161,dire dawa,9.5931,41.8661,22.68,65,100,7.99,ET,1724008862
162,saint-joseph,-21.3667,55.6167,20.21,79,37,8.69,RE,1724008863
163,baoqing,46.3317,132.2111,19.4,98,100,3.93,CN,1724008865
164,vorgashor,67.5833,63.95,6.6,90,67,3.29,RU,1724008866
165,goba,7.0167,39.9833,12.14,95,100,1.05,ET,1724008867
166,mili,6.0815,171.735,28.04,79,36,3.81,MH,1724008868
167,piti village,13.4626,144.6933,28.03,89,0,2.06,GU,1724008869
168,alta,69.9689,23.2717,17.59,66,0,6.26,NO,1724008872
169,chibougamau,49.9168,-74.3659,17.79,100,100,3.09,CA,1724008873
170,saint-francois,46.4154,3.9054,15.69,88,100,2.06,FR,1724008874
171,valparaiso,-33.0393,-71.6273,15.63,62,0,3.6,CL,1724008875
172,bethel,41.3712,-73.414,23.18,95,100,2.06,US,1724008638
173,itoman,26.1247,127.6694,28.43,92,75,13.38,JP,1724008879
174,carnarvon,-24.8667,113.6333,18.42,55,100,4.7,AU,1724008880
175,luderitz,-26.6481,15.1594,16.17,58,0,6.72,NA,1724008881
176,guiuan,11.0333,125.7247,29.15,73,100,3.38,PH,1724008882
177,amga,60.8953,131.9608,9.47,69,100,1.55,RU,1724008883
178,akhty,41.4597,47.7312,15.72,73,0,2.9,RU,1724008885
179,peace river,56.2501,-117.286,20.17,63,75,1.54,CA,1724008841
180,longyearbyen,78.2186,15.6401,10.91,87,75,0.0,SJ,1724008887
181,bogale,16.2833,95.4,25.84,91,100,1.29,MM,1724008888
182,port hedland,-20.3167,118.5667,17.03,88,0,3.09,AU,1724008889
183,kuchera,26.9839,73.9719,29.49,68,99,3.59,IN,1724008890
184,hamilton,39.1834,-84.5333,28.29,67,45,1.79,US,1724008702
185,mount pearl,47.5166,-52.7813,26.92,52,75,8.23,CA,1724008893
186,puerto ayora,-0.7393,-90.3518,20.86,86,53,4.47,EC,1724008894
187,caleta olivia,-46.4393,-67.5281,6.72,52,92,5.29,AR,1724008740
188,las tablas,7.7667,-80.2833,29.5,70,100,2.65,PA,1724008896
189,bochum,51.4833,7.2167,20.41,73,100,1.93,DE,1724008898
190,reyes,-14.3167,-67.3833,34.09,46,20,1.54,BO,1724008601
191,weno,7.4515,151.8468,29.19,72,67,2.45,FM,1724008900
192,west bay,19.3667,-81.4167,32.04,66,40,4.12,KY,1724008901
193,greenland,43.0362,-70.8328,22.06,81,100,3.09,US,1724008902
194,anar darah,32.7587,61.654,27.37,29,0,7.42,AF,1724008903
195,hola,51.5377,23.1902,23.29,60,70,0.2,PL,1724008905
196,mirny,62.5353,113.9611,13.52,68,100,1.9,RU,1724008906
197,tateyama,34.9833,139.8667,28.12,89,11,5.08,JP,1724008907
198,ola,59.5833,151.2833,10.02,82,98,0.93,RU,1724008909
199,cordoba,-31.4135,-64.1811,21.9,38,0,3.6,AR,1724008902
200,sakakah,29.9697,40.2064,34.76,16,0,3.59,SA,1724008912
201,ibiapina,-3.9233,-40.8894,30.41,25,100,3.62,BR,1724008913
202,bengkulu,-3.8004,102.2655,24.02,92,41,2.29,ID,1724008914
203,saint-philippe,-21.3585,55.7679,21.44,82,62,8.52,RE,1724008915
204,salinas,36.6777,-121.6555,23.92,72,0,4.63,US,1724008918
205,mishan,45.55,131.8833,20.13,98,100,3.01,CN,1724008919
206,urumqi,43.801,87.6005,19.53,78,75,3.0,CN,1724008920
207,hilo,19.7297,-155.09,26.64,96,100,2.06,US,1724008921
208,karachi,24.9056,67.0822,28.9,79,75,4.12,PK,1724008834
209,tshabong,-26.05,22.45,18.08,20,0,2.55,BW,1724008923
210,flying fish cove,-10.4217,105.6791,24.82,88,100,5.66,CX,1724008925
211,onguday,50.75,86.15,13.85,70,100,1.0,RU,1724008926
212,pangody,65.85,74.4859,12.57,93,100,0.52,RU,1724008927
213,yuzhno-kurilsk,44.0306,145.8556,15.15,93,28,2.08,RU,1724008928
214,wenchang,30.904,118.4887,25.77,92,100,1.47,CN,1724008929
215,mount gambier,-37.8333,140.7667,9.33,85,100,2.16,AU,1724008930
216,booue,-0.0921,11.9385,24.37,81,77,1.51,GA,1724008932
217,tsiombe,-25.3,45.4833,19.49,70,0,4.68,MG,1724008933
218,kourou,5.1552,-52.6478,29.76,63,24,3.6,GF,1724008934
219,chifeng,42.2683,118.9636,19.18,96,99,1.52,CN,1724008935
220,antonio enes,-16.2325,39.9086,22.91,78,4,3.82,MZ,1724008936
221,prince albert,53.2001,-105.7677,23.97,64,75,3.09,CA,1724008937
222,remire-montjoly,4.9167,-52.2667,31.02,70,0,4.63,GF,1724008939
223,alofi,-19.0595,-169.9187,22.94,88,40,5.14,NU,1724008940
224,dehdasht,30.7949,50.5646,33.0,37,0,0.68,IR,1724008941
225,rikaze,29.25,88.8833,13.17,42,1,1.58,CN,1724008943
226,enewetak,11.3474,162.3373,28.56,77,91,6.47,MH,1724008871
227,bathsheba,13.2167,-59.5167,30.34,79,20,4.63,BB,1724008946
228,tranas,58.0372,14.9782,13.34,80,100,1.91,SE,1724008947
229,salmas,38.1973,44.7653,22.5,48,11,1.24,IR,1724008948
230,dieppe,49.75,1.1667,15.01,82,0,2.67,FR,1724008949
231,ponta delgada,37.7333,-25.6667,26.4,69,40,3.09,PT,1724008950
232,betio village,1.358,172.9211,28.02,75,56,6.8,KI,1724008953
233,longmen,24.9597,118.0889,24.83,98,92,0.17,CN,1724008954
234,qaqortoq,60.7167,-46.0333,6.13,73,1,2.08,GL,1724008955
235,kavaratti,10.5669,72.642,26.52,91,95,7.2,IN,1724008956
236,touros,-5.1989,-35.4608,26.65,68,91,7.8,BR,1724008957
237,severobaykal'sk,55.65,109.3167,14.27,70,95,1.53,RU,1724008959
238,port isabel,26.0734,-97.2086,34.02,72,0,5.14,US,1724008960
239,badger,64.8,-147.5333,21.95,70,0,3.09,US,1724008961
240,auki,-8.7676,160.7034,25.29,91,100,1.89,SB,1724008962
241,powell,40.1578,-83.0752,27.32,64,100,2.57,US,1724008963
242,rouissat,31.9243,5.3502,38.04,16,0,2.06,DZ,1724008964
243,senillosa,-39.0,-68.4167,6.88,84,100,8.83,AR,1724008966
244,bad konigshofen im grabfeld,50.3,10.4833,17.79,93,100,5.2,DE,1724008967
245,kapoeta,4.7717,33.5903,25.09,66,92,2.48,SS,1724008968
246,puerto aysen,-45.4,-72.7,6.11,81,31,1.17,CL,1724008815
247,lata,40.1629,-8.3327,21.22,65,2,2.57,PT,1724008972
248,wajir,1.7471,40.0573,28.4,40,52,11.81,KE,1724008973
249,port elizabeth,-33.918,25.5701,16.84,80,40,2.06,ZA,1724008974
250,mekhe,15.1097,-16.6218,29.17,69,72,7.01,SN,1724008975
251,zaio,34.9428,-2.7329,30.9,29,5,1.91,MA,1724008976
252,hami,42.8,93.45,32.99,11,0,7.99,CN,1724008977
253,fort bragg,35.139,-79.006,32.75,58,40,4.12,US,1724008979
254,port lincoln,-34.7333,135.8667,13.07,84,100,8.54,AU,1724008981
255,poronaysk,49.2167,143.1167,10.31,95,1,1.08,RU,1724008834
256,calvi,42.5,8.8333,21.35,64,40,5.14,FR,1724008983
257,maughold,54.2988,-4.3184,14.68,79,0,2.74,IM,1724008985
258,isangel,-19.55,169.2667,22.51,88,1,1.31,VU,1724008968
259,lompoc,34.6391,-120.4579,26.44,73,0,2.24,US,1724008987
260,mejit,10.2753,170.8646,28.35,76,67,5.47,MH,1724008988
261,constantia,44.1833,28.65,22.61,71,38,1.81,RO,1724008855
262,tabas,33.5959,56.9244,33.54,22,0,2.35,IR,1724008990
263,karatuzskoye,53.6072,92.8667,16.89,96,100,1.39,RU,1724008992
264,codajas,-3.8367,-62.0569,39.51,20,29,1.57,BR,1724008993
265,sorong,-0.8833,131.25,25.08,92,100,4.93,ID,1724008994
266,alice springs,-23.7,133.8833,18.75,30,1,1.54,AU,1724008995
267,yajiwa,11.3839,12.7236,25.67,81,100,3.62,NG,1724008996
268,yeppoon,-23.1333,150.7333,16.57,79,0,1.85,AU,1724008997
269,island harbour,50.724,-1.2758,19.04,75,7,0.89,GB,1724008999
270,puerto ayacucho,5.6639,-67.6236,33.67,48,14,1.47,VE,1724009000
271,ancud,-41.8697,-73.8203,8.4,61,12,5.21,CL,1724009001
272,kintampo,8.0563,-1.7306,25.87,66,97,2.24,GH,1724009002
273,nadi,-17.8,177.4167,20.0,88,20,1.03,FJ,1724009003
274,glace bay,46.1969,-59.957,26.19,62,75,6.69,CA,1724009004
275,umba,66.6871,34.3429,12.24,91,6,1.69,RU,1724009006
276,harper,4.375,-7.7169,24.29,79,7,3.53,LR,1724009007
277,gembu,6.7,11.2667,16.55,97,100,1.44,NG,1724009008
278,rio grande,-32.035,-52.0986,15.71,98,100,6.96,BR,1724009009
279,vilyuysk,63.7553,121.6247,11.26,54,24,2.13,RU,1724009010
280,murun-kuren,49.6342,100.1625,16.25,56,1,1.53,MN,1724009011
281,richards bay,-28.783,32.0377,18.75,83,0,2.63,ZA,1724009013
282,talodi,10.6325,30.3797,22.45,94,100,2.51,SD,1724009014
283,cabugao,17.7931,120.4578,26.73,83,100,1.89,PH,1724009015
284,niagara falls,43.1001,-79.0663,27.58,70,20,8.23,CA,1724008962
285,sigli,5.3848,95.9609,25.08,83,100,2.38,ID,1724009017
286,seguela,7.9611,-6.6731,24.6,80,15,1.63,CI,1724009018
287,guerrero negro,27.9769,-114.0611,25.43,55,0,5.92,MX,1724009020
288,bayanhongor,46.7167,100.1167,11.01,53,1,1.36,MN,1724009022
289,south hedland,-20.4089,118.5983,16.96,88,0,3.09,AU,1724009023
290,tual,-5.6667,132.75,25.52,82,92,7.29,ID,1724009024
291,el colorado,-26.3081,-59.3729,37.51,22,5,4.99,AR,1724009026
292,port alfred,-33.5906,26.891,16.28,76,26,1.04,ZA,1724009027
293,lensk,60.7253,114.9278,15.54,71,100,1.58,RU,1724009028
294,kynsperk nad ohri,50.1189,12.5303,19.75,97,99,2.8,CZ,1724009029
295,le vauclin,14.5452,-60.8388,31.03,70,75,5.66,MQ,1724009030
296,north bend,43.4065,-124.2243,22.37,64,40,7.2,US,1724009031
297,wamba,8.9333,8.6,23.04,94,95,1.61,NG,1724009033
298,colonia,50.9333,6.95,21.64,77,100,2.47,DE,1724008945
299,garoowe,8.4054,48.4845,30.01,37,6,9.0,SO,1724009035
300,arica,-18.475,-70.3042,17.13,67,20,4.63,CL,1724009002
301,bilibino,68.0546,166.4372,4.18,98,100,1.92,RU,1724009037
302,borba,-4.3878,-59.5939,40.01,18,7,1.96,BR,1724009038
303,saint-leu,-21.15,55.2833,20.48,89,22,6.88,RE,1724009040
304,burlington,39.8835,-74.6413,31.09,68,75,3.09,US,1724009041
305,castillos,-34.1667,-53.8333,13.54,96,100,5.11,UY,1724009042
306,jayapura,-2.5333,140.7,23.66,93,59,1.93,ID,1724009043
307,salalah,17.0151,54.0924,25.05,100,100,1.54,OM,1724009044
308,magadan,59.5667,150.8,9.23,83,70,1.76,RU,1724009045
309,al hawatah,13.4167,34.6333,24.53,85,78,3.04,SD,1724009047
310,labrador city,52.9463,-66.9114,20.95,73,100,3.09,CA,1724009048
311,taytay,14.5678,121.1394,27.96,91,40,1.54,PH,1724009049
312,sirte,31.2089,16.5887,29.79,53,0,7.16,LY,1724009050
313,lauttasaari,60.1594,24.8753,17.41,78,0,6.26,FI,1724009051
314,howard springs,-12.497,131.047,23.95,86,52,1.26,AU,1724009053
315,yigo village,13.5361,144.8886,27.16,88,0,4.12,GU,1724009054
316,boyolangu,-8.1181,111.8935,21.81,90,100,0.98,ID,1724009055
317,gamay,12.3854,125.2979,24.83,90,99,1.26,PH,1724009056
318,laguna,38.421,-121.4238,27.58,47,0,2.57,US,1724008959
319,janja,44.6653,19.2478,19.7,92,100,3.81,BA,1724009058
320,leku,6.8667,38.45,15.2,87,89,1.86,ET,1724009060
321,tera,14.0078,0.7531,29.85,63,100,4.12,NE,1724009061
322,tadine,-21.55,167.8833,20.7,90,7,1.37,NC,1724009062
323,yatou,37.15,122.3833,24.66,95,20,2.59,CN,1724009063
324,pahlgam,34.0333,75.3333,12.52,83,37,1.29,IN,1724009064
325,caldwell,43.6629,-116.6874,30.31,27,0,2.57,US,1724008954
326,chernihiv,51.0,32.0,24.08,32,0,3.37,UA,1724009067
327,eyl,7.9803,49.8164,25.44,75,62,11.52,SO,1724009068
328,fort st. john,56.2499,-120.8529,19.94,56,75,0.0,CA,1724009069
329,dunedin,-45.8742,170.5036,3.78,83,64,3.58,NZ,1724009070
330,chimbarongo,-34.7,-71.05,8.23,83,100,1.81,CL,1724009071
331,maasin,10.1336,124.8447,26.63,79,98,2.41,PH,1724009073
332,tazacorte,28.629,-17.9293,23.54,83,20,7.72,ES,1724009074
333,ebon,4.582,168.6964,29.49,66,22,4.17,MH,1724008871
334,coahuayana de hidalgo,18.7,-103.6583,33.61,52,91,2.83,MX,1724009076
335,kurtamysh,54.9103,64.4319,13.83,92,100,4.14,RU,1724009077
336,coquimbo,-29.9533,-71.3436,16.66,66,75,4.12,CL,1724009031
337,yamada,39.4667,141.95,19.6,94,0,1.56,JP,1724009081
338,qamdo,31.1667,97.2333,3.12,55,1,0.78,CN,1724009082
339,kirensk,57.7853,108.1119,19.76,65,100,1.76,RU,1724009083
340,oranjemund,-28.55,16.4333,13.07,85,0,4.39,NA,1724009084
341,catalhoyuk,37.6685,32.8269,24.77,26,0,2.58,TR,1724009085
342,catabola,-12.15,17.2833,19.36,16,0,0.88,AO,1724009087
343,thanh pho uong bi,21.0333,106.7833,28.99,94,83,1.06,VN,1724009088
344,blackwater,-23.5833,148.8833,14.6,47,0,3.1,AU,1724009089
345,masterton,-40.9597,175.6575,4.81,98,100,2.56,NZ,1724009090
346,camana,-16.6228,-72.7111,19.06,71,13,4.49,PE,1724009091
347,nurabad,34.0734,47.9725,24.36,22,0,0.98,IR,1724009093
348,karratha,-20.7377,116.8463,18.51,43,0,4.66,AU,1724009094
349,miles city,46.4083,-105.8406,30.54,48,0,2.57,US,1724009095
350,anaconda,46.1285,-112.9423,29.66,24,0,2.99,US,1724009096
351,dudinka,69.4058,86.1778,15.8,71,100,3.37,RU,1724009097
352,cannonvale,-20.2833,148.7,19.66,83,2,3.41,AU,1724009098
353,solnechnyy,50.7214,136.6319,11.43,68,6,2.25,RU,1724009100
354,nikolayevsk-on-amure,53.1406,140.73,7.91,95,5,1.74,RU,1724009101
355,la tuque,47.4334,-72.7824,22.14,83,100,2.06,CA,1724009102
356,arraial do cabo,-22.9661,-42.0278,26.98,73,0,7.72,BR,1724009103
357,pisco,-13.7,-76.2167,16.12,88,100,2.57,PE,1724009104
358,niort,46.3333,-0.3333,19.54,58,46,3.69,FR,1724009105
359,yarmouth,41.7057,-70.2286,25.05,79,20,3.09,US,1724009107
360,georgiyevka,43.0369,74.7114,18.02,68,20,6.0,KZ,1724009108
361,akureyri,65.6835,-18.0878,6.96,70,75,4.63,IS,1724009109
362,brookings,44.3114,-96.7984,26.77,64,20,3.6,US,1724008969
363,dhuusamarreeb,5.535,46.3861,27.22,52,100,10.77,SO,1724009111
364,mokrous,51.2333,47.5167,22.84,40,5,3.69,RU,1724009112
365,nova vicosa,-17.8919,-39.3719,25.7,62,0,4.36,BR,1724009114
366,costa rica,-23.4167,-54.65,36.5,13,0,4.28,BR,1724008829
367,broken hill,-31.95,141.4333,9.93,70,56,4.08,AU,1724009116
368,janakkala,60.9,24.6,13.56,78,100,2.77,FI,1724009117
369,kirakira,-10.4544,161.9205,26.14,89,39,4.52,SB,1724009118
370,ocotal,13.6321,-86.4752,30.64,52,100,3.07,NI,1724009120
371,kenai,60.5544,-151.2583,14.45,100,100,3.6,US,1724009121
372,monastyryshche,48.9909,29.8047,24.74,34,61,2.33,UA,1724009122
373,maceio,-9.6658,-35.7353,26.69,65,75,5.14,BR,1724008861
374,kerikeri,-35.2268,173.9474,11.06,87,27,2.68,NZ,1724009124
375,byron bay,-28.65,153.6167,12.21,93,30,4.25,AU,1724009125
376,al jadid,27.05,14.4,37.35,15,0,2.62,LY,1724009127
377,severo-yeniseyskiy,60.3725,93.0408,11.23,86,87,2.02,RU,1724009128
378,olutanga,7.3106,122.8464,28.17,73,100,1.82,PH,1724008994
379,sao lourenco do sul,-31.3653,-51.9783,17.88,96,100,3.17,BR,1724009130
380,kudahuvadhoo,2.6708,72.8944,27.58,82,100,6.85,MV,1724009131
381,abepura,-2.6333,140.5833,23.45,100,40,0.51,ID,1724009132
382,guatrache,-37.6678,-63.5302,11.06,70,100,7.8,AR,1724009134
383,igarka,67.4667,86.5833,12.2,93,24,2.82,RU,1724009135
384,sant antoni de portmany,38.9807,1.3036,28.54,72,20,2.24,ES,1724009136
385,kodiak,57.79,-152.4072,16.73,77,0,6.17,US,1724009137
386,palmer,42.1584,-72.3287,20.08,86,100,1.54,US,1724009062
387,el jadid,33.2549,-8.506,23.69,85,0,5.76,MA,1724008949
388,payson,40.0444,-111.7321,29.1,45,3,3.07,US,1724009143
389,eregli,37.5133,34.0467,24.27,29,0,1.31,TR,1724009144
390,paratinga,-12.6906,-43.1842,34.5,18,0,1.69,BR,1724009145
391,alenquer,-1.9417,-54.7383,37.15,26,44,3.03,BR,1724009146
392,staroleushkovskaya,45.9906,39.7631,23.61,20,0,4.61,RU,1724009148
393,laojunmiao,39.8333,97.7333,19.86,20,0,7.22,CN,1724009149
394,burao,9.5221,45.5336,25.85,43,8,10.17,SO,1724009150
395,smithers,54.7804,-127.1743,22.18,33,20,1.54,CA,1724009151
396,daru,-9.0763,143.2092,25.58,86,100,6.25,PG,1724009152
397,vila franca do campo,37.7167,-25.4333,26.23,78,100,0.99,PT,1724009153
398,acapulco de juarez,16.8634,-99.8901,30.9,66,75,2.06,MX,1724009155
399,toguchin,55.2353,84.3858,13.1,94,12,2.53,RU,1724009156
400,kapuskasing,49.4169,-82.4331,20.05,49,75,6.17,CA,1724009157
401,trondheim,63.4305,10.3951,11.03,94,100,1.97,NO,1724009158
402,lewistown,40.5992,-77.5714,26.2,100,14,2.84,US,1724009159
403,benghazi,32.1167,20.0667,28.95,57,0,1.93,LY,1724009161
404,myskhako,44.6714,37.7433,22.06,40,0,3.96,RU,1724009162
405,petropavlovsk-kamchatsky,53.0452,158.6483,9.33,76,75,2.0,RU,1724009163
406,pasighat,28.0667,95.3333,26.65,80,100,0.63,IN,1724009164
407,kilindoni,-7.9139,39.6668,25.09,80,9,9.38,TZ,1724009165
408,xitangtuo,39.3147,117.4794,25.0,90,100,0.42,CN,1724009166
409,al qusayr,34.5091,36.5798,27.19,52,0,0.96,SY,1724009168
410,bikaner,28.0167,73.3,31.25,63,100,4.16,IN,1724009169
411,nadym,65.5333,72.5167,13.08,95,100,1.56,RU,1724009170
412,cestos city,5.46,-9.5828,25.13,79,92,4.86,LR,1724009171
413,untergriesbach,48.5743,13.6673,20.31,92,100,2.5,DE,1724009172
414,happy valley-goose bay,53.3168,-60.3315,20.17,88,100,4.63,CA,1724009173
415,azhikkal,11.9,75.3667,25.93,93,100,1.92,IN,1724009175
416,kiama,-34.6833,150.8667,12.43,81,30,0.89,AU,1724009176
417,natal,-5.795,-35.2094,27.36,65,20,9.26,BR,1724008883
418,klaksvik,62.2266,-6.589,10.64,81,10,8.97,FO,1724009178
419,dauphin,51.1494,-100.0502,21.08,88,100,3.6,CA,1724009179
420,bardai,11.65,7.2333,22.47,90,100,3.01,NG,1724009180
421,heyuan,23.7333,114.6833,25.52,97,100,1.31,CN,1724009182
422,la passe,45.5549,-0.8967,18.36,67,0,5.95,FR,1724009183
423,general mosconi,-23.1851,-62.303,35.68,22,0,8.04,AR,1724009184
424,poli,-3.3333,36.8,15.23,64,50,0.72,TZ,1724009185
425,taulaga,-11.0553,-171.0883,27.08,82,0,10.32,AS,1724009186
426,loddekopinge,55.7667,13.0167,16.95,80,100,3.76,SE,1724009187
427,mount isa,-20.7333,139.5,4.87,56,2,0.0,AU,1724009189
428,luwuk,-0.9516,122.7875,21.92,91,37,1.73,ID,1724009190
429,simanggang,1.2472,111.4528,24.99,94,90,0.51,MY,1724009191
430,al jawf,29.5,38.75,32.2,20,0,2.81,SA,1724009192
431,port douglas,-16.4833,145.4667,20.59,83,4,1.7,AU,1724009193
432,mitchell,43.7094,-98.0298,22.99,78,0,6.17,US,1724008980
433,gaspe,48.8334,-64.4819,27.12,57,75,3.6,CA,1724008960
434,newman,37.3138,-121.0208,26.7,29,0,0.57,US,1724009197
435,zhangye,38.9342,100.4517,22.07,19,0,2.71,CN,1724009198
436,sretensk,52.2453,117.7093,11.77,64,0,1.75,RU,1724009199
437,paramonga,-10.6667,-77.8333,19.43,69,4,4.47,PE,1724009200
438,fortuna,40.5982,-124.1573,21.31,73,0,5.66,US,1724009202
439,al hasakah,36.5024,40.7477,36.6,19,0,1.35,SY,1724009203
440,mwene-ditu,-7.0,23.45,25.39,25,6,0.98,CD,1724009204
441,quellon,-43.1167,-73.6167,7.9,63,3,5.11,CL,1724009205
442,filey,54.21,-0.2892,17.1,65,15,0.89,GB,1724009206
443,sanga-sanga,5.0725,119.7853,28.43,72,76,2.99,PH,1724009207
444,revelstoke,50.9832,-118.2023,23.01,56,40,0.0,CA,1724009209
445,kristiansund,63.1115,7.732,13.36,67,75,5.14,NO,1724009210
446,satellite beach,28.1761,-80.5901,33.38,58,0,4.63,US,1724009212
447,sao joao do piaui,-8.3581,-42.2467,33.74,22,20,4.76,BR,1724009213
448,mata-utu,-13.2816,-176.1745,26.55,84,7,9.87,WF,1724009215
449,makokou,0.5738,12.8642,22.2,89,100,1.49,GA,1724009217
450,lianzhou,24.7811,112.3825,24.68,97,96,0.39,CN,1724009218
451,rongelap,11.1635,166.8941,28.36,79,100,6.51,MH,1724009219
452,lautoka,-17.6167,177.4667,19.92,88,20,1.03,FJ,1724009221
453,wulingyuan,29.3494,110.5441,21.75,96,100,1.02,CN,1724009222
454,choma,-16.8065,26.9531,15.76,25,0,1.22,ZM,1724009223
455,malvan,16.0667,73.4667,27.38,89,100,3.76,IN,1724009224
456,north tamworth,-31.0778,150.9261,5.06,93,7,2.06,AU,1724009225
457,usinsk,65.9939,57.5281,11.84,72,100,4.64,RU,1724009226
458,kargasok,59.0556,80.8572,11.92,94,44,3.21,RU,1724009228
459,maksatikha,57.797,35.8825,14.62,83,3,1.9,RU,1724009229
460,ust'-kulom,61.6864,53.6902,13.16,89,100,1.78,RU,1724009230
461,steamboat springs,40.485,-106.8317,26.85,37,0,4.63,US,1724009147
462,port blair,11.6667,92.75,27.58,83,94,3.44,IN,1724009232
463,queenstown,-31.8976,26.8753,10.41,56,0,1.51,ZA,1724009233
464,marica,-22.9194,-42.8186,26.97,56,0,5.08,BR,1724009235
465,branson,36.6437,-93.2185,35.2,55,0,3.13,US,1724009103
466,darwin,-12.4611,130.8418,23.99,78,100,2.06,AU,1724009237
467,margherita,27.2833,95.6833,23.89,95,100,1.46,IN,1724009238
468,abnub,27.2696,31.1511,33.12,13,1,2.8,EG,1724009239
469,chonchi,-42.6128,-73.8092,8.32,60,36,3.62,CL,1724009240
470,okha,53.5739,142.9478,9.56,90,8,4.29,RU,1724009242
471,konstantinovka,49.6167,127.9833,13.61,66,100,2.63,RU,1724009243
472,angaur state,6.906,134.13,28.81,70,40,0.47,PW,1724009244
473,vorkuta,67.5,64.0,7.15,89,76,3.31,RU,1724009245
474,turpan,42.9333,89.1667,36.39,22,0,1.71,CN,1724009246
475,saint-pierre,-21.3393,55.4781,20.82,83,20,9.26,RE,1724009055
476,xining,36.6167,101.7667,12.78,62,0,1.54,CN,1724009249
477,general conesa,-40.1,-64.4333,10.59,46,100,8.86,AR,1724009250
478,nicoya,10.1483,-85.452,28.67,77,100,1.1,CR,1724009251
479,broome,42.2506,-75.833,27.16,73,75,4.12,US,1724009252
480,tucupita,9.0622,-62.051,35.67,34,66,1.39,VE,1724009253
481,punta del este,-34.9667,-54.95,15.06,99,100,3.09,UY,1724009254
482,champerico,14.3,-91.9167,29.91,69,33,3.86,GT,1724009256
483,la sarre,48.8002,-79.1996,12.29,92,100,4.92,CA,1724009257
484,fada n'gourma,12.0622,0.3578,25.93,81,100,3.08,BF,1724009258
485,nuuk,64.1835,-51.7216,8.34,71,20,3.6,GL,1724009259
486,kogalym,62.2654,74.4791,14.58,74,72,2.26,RU,1724009260
487,harsova,44.6833,27.9333,22.36,55,0,3.66,RO,1724009261
488,brisas de zicatela,15.8369,-97.0419,31.29,79,75,3.6,MX,1724009263
489,i-n-salah,27.1935,2.4607,39.88,17,78,1.89,DZ,1724009264
490,pacific grove,36.6177,-121.9166,23.54,81,0,4.63,US,1724009158
491,mount pleasant,32.7941,-79.8626,33.08,72,40,4.12,US,1724009266
492,christchurch,-43.5333,172.6333,1.62,89,100,0.51,NZ,1724008893
493,maracacume,-2.0428,-45.9592,36.47,24,100,1.62,BR,1724009268
494,port-vila,-17.7338,168.3219,21.78,100,75,0.51,VU,1724009270
495,taro,-8.3862,115.28,15.93,97,61,0.25,ID,1724009271
496,recani,31.2846,-4.2688,39.33,10,8,3.47,MA,1724009272
497,arno,60.1167,18.6333,16.9,59,100,5.38,SE,1724009273
498,adiake,5.2863,-3.304,24.1,79,100,2.37,CI,1724009274
499,beira,-19.8436,34.8389,20.05,83,0,3.6,MZ,1724009276
500,katsuren-haebaru,26.3369,127.8719,27.21,90,75,6.17,JP,1724009277
501,vilhena,-12.7406,-60.1458,35.12,26,18,3.6,BR,1724009279
502,san rafael,-34.6177,-68.3301,10.0,56,100,6.62,AR,1724009280
503,mehtar lam,34.6714,70.2094,31.11,50,22,1.64,AF,1724009282
504,essaouira,31.5125,-9.77,32.72,45,4,6.17,MA,1724009283
505,pec,42.6591,20.2883,20.38,91,100,1.22,XK,1724009284
506,mazeikiai,56.3167,22.3333,17.95,81,100,3.27,LT,1724009285
507,krasnyy chikoy,50.3643,108.7512,14.2,95,1,0.66,RU,1724009286
508,harstad,68.799,16.5293,12.86,92,100,8.49,NO,1724009287
509,boali,4.8005,18.1275,21.17,94,100,1.45,CF,1724009289
510,kolonia,50.9333,6.95,20.53,78,100,2.47,DE,1724009216
511,alo,6.5486,4.2686,24.94,89,100,3.44,NG,1724009291
512,tofol,5.3248,163.0078,28.58,73,100,3.54,FM,1724009292
513,tamanrasset,22.785,5.5228,22.95,73,40,3.6,DZ,1724009293
514,lloydminster,53.2835,-110.0016,19.12,82,75,1.54,CA,1724009294
515,ihtiman,42.4333,23.8167,23.98,51,100,0.45,BG,1724009296
516,bikenibeu village,1.3673,173.1241,27.98,83,40,4.12,KI,1724009297
517,babu,24.4167,111.5167,24.86,96,100,0.46,CN,1724009298
518,sao raimundo nonato,-9.0153,-42.6994,32.44,24,100,4.46,BR,1724009299
519,codrington,-38.2667,141.9667,6.66,94,23,3.73,AU,1724009300
520,polyarnyy,69.1989,33.4478,10.99,78,0,0.98,RU,1724009301
521,bartica,6.4,-58.6167,33.38,47,83,0.99,GY,1724009303
522,lakhdenpokh'ya,61.5198,30.1992,14.5,76,41,2.64,RU,1724009304
523,zhanaozen,43.3,52.8,23.96,24,0,2.53,KZ,1724009305
524,mirriah,13.7073,9.1501,31.65,47,8,4.15,NE,1724009306
525,dawson creek,55.7666,-120.2362,20.8,49,0,2.57,CA,1724009307
526,port-gentil,-0.7193,8.7815,24.32,84,26,5.07,GA,1724009308
527,bibir hat,22.6873,91.7853,24.71,95,100,4.24,BD,1724009310
528,sungai penuh,-2.0833,101.3833,18.2,95,100,1.92,ID,1724009311
529,sablayan,12.8346,120.769,28.22,76,100,1.55,PH,1724009312
530,karapinar,37.716,33.5506,25.09,32,0,2.87,TR,1724009313
531,ushtobe,45.2514,77.9838,19.31,65,100,4.62,KZ,1724009314
532,bandarbeyla,9.4942,50.8122,25.54,79,12,15.08,SO,1724009315
533,balqash,46.8481,74.995,20.37,62,3,5.38,KZ,1724009317
534,floro,61.5996,5.0328,12.98,82,75,9.26,NO,1724009318
535,fukuecho,32.6881,128.8419,27.87,83,0,3.08,JP,1724009319
536,tutoia,-2.7619,-42.2744,27.16,68,100,4.17,BR,1724009320
537,satsumasendai,31.8167,130.3,26.76,84,5,2.91,JP,1724009321
538,san javier,37.8063,-0.8374,28.31,68,0,1.54,ES,1724009322
539,nguigmi,14.2495,13.1092,34.04,43,4,3.72,NE,1724009324
540,opuwo,-18.0607,13.84,22.91,15,13,3.67,NA,1724009325
541,chikhli,20.35,76.25,23.69,92,100,0.64,IN,1724009326
542,tralee,52.2704,-9.7026,15.04,83,100,2.4,IE,1724009327
543,sanctuary point,-35.1114,150.629,9.54,87,14,2.93,AU,1724009328
544,kyelang,32.5833,77.0333,11.28,82,97,0.81,IN,1724009329
545,kuloy,61.0305,42.4925,13.35,77,33,2.29,RU,1724009331
546,awjilah,29.1081,21.2869,33.9,21,0,2.82,LY,1724009332
547,san luis de la loma,17.2706,-100.8939,30.82,65,82,2.32,MX,1724009333
548,amethi,26.15,81.8167,29.94,68,50,1.46,IN,1724009334
549,al majaridah,19.1236,41.9111,31.25,64,65,0.69,SA,1724009335
550,kimberley,-28.7323,24.7623,13.83,58,0,3.09,ZA,1724009336
551,arkalyk,50.2486,66.9114,16.78,61,85,4.54,KZ,1724009338
552,palmerston,-12.486,130.9833,23.99,83,100,2.06,AU,1724009339
553,callao,-12.0667,-77.15,17.16,77,100,2.57,PE,1724009119
554,trincomalee,8.5711,81.2335,28.78,77,100,2.18,LK,1724009342
555,as sulayyil,20.4607,45.5779,37.22,13,7,2.11,SA,1724009344
556,kaminoyama,38.1539,140.2736,18.78,98,19,0.38,JP,1724009345
557,havre,49.5833,0.3333,16.87,77,0,6.17,FR,1724009346
558,luce,48.4369,1.4636,16.68,76,0,3.4,FR,1724009347
559,swan hill,-35.3378,143.5544,7.82,91,0,2.32,AU,1724009348
560,vysokovsk,56.3167,36.55,16.92,77,56,1.04,RU,1724009349
561,vernon,50.2581,-119.2691,27.64,46,89,1.03,CA,1724009351
562,swakopmund,-22.6833,14.5333,13.32,87,0,0.45,NA,1724009352
563,phuthaditjhaba,-28.5242,28.8158,13.05,16,0,1.75,ZA,1724009353
564,ormara,25.2088,64.6357,27.4,89,100,2.23,PK,1724009354
565,khash,28.2211,61.2158,27.56,45,25,2.13,IR,1724009355
566,ostersund,63.1792,14.6357,14.25,74,0,3.09,SE,1724009130
567,el calafate,-50.3408,-72.2768,3.97,70,11,2.45,AR,1724009158
568,vimmerby,57.6659,15.8552,14.49,65,100,1.3,SE,1724009359
569,porto novo,6.4965,2.6036,24.36,86,16,3.52,BJ,1724009360
570,kalmunai,7.4167,81.8167,28.02,80,100,2.19,LK,1724009361
571,guatire,10.4762,-66.5427,32.0,50,74,1.0,VE,1724009258
572,kasongo-lunda,-6.4667,16.8167,27.27,27,16,1.4,CD,1724009363
573,kipushi,-11.7667,27.2333,18.6,32,0,2.07,CD,1724009365
574,dhidhdhoo,6.8833,73.1,27.97,81,98,8.66,MV,1724009366
575,usogorsk,63.4106,48.6872,11.55,96,79,1.29,RU,1724009367
576,hunchun,42.8675,130.3581,22.87,99,100,0.56,CN,1724009368
577,sao paulo de olivenca,-3.3783,-68.8725,35.07,37,100,1.26,BR,1724009369
578,malyye derbety,47.9547,44.6808,24.38,24,0,1.89,RU,1724009371
579,springbok,-29.6643,17.8865,12.52,36,0,1.22,ZA,1724009372
580,taoudenni,22.6783,-3.9836,39.61,27,41,6.37,ML,1724009373
581,saint-laurent-du-maroni,5.5039,-54.0289,30.65,60,66,2.67,GF,1724009374
582,san carlos de bariloche,-41.1456,-71.3082,3.86,56,75,7.72,AR,1724009121
